report_date,release_date,release_time,release_timezone,availability_kind,availability_basis,reason,source_url
2009-11-24,2009-11-30,15:30,America/New_York,verified_release,cftc_official_historical_release_verified,holiday-delayed release verified from official weekly page Updated footer,https://www.cftc.gov/sites/default/files/files/dea/cotarchives/2009/futures/ag_sf112409.htm
2009-12-22,2009-12-28,15:30,America/New_York,verified_release,cftc_official_historical_release_verified,holiday-delayed release verified from official weekly page Updated footer,https://www.cftc.gov/sites/default/files/files/dea/cotarchives/2009/futures/ag_sf122209.htm
2010-11-09,2010-11-15,15:30,America/New_York,verified_release,cftc_official_historical_release_verified,holiday-delayed release verified from official weekly page Updated footer,https://www.cftc.gov/sites/default/files/files/dea/cotarchives/2010/futures/ag_sf110910.htm
2010-11-23,2010-11-29,15:30,America/New_York,verified_release,cftc_official_historical_release_verified,holiday-delayed release verified from official weekly page Updated footer,https://www.cftc.gov/sites/default/files/files/dea/cotarchives/2010/futures/ag_sf112310.htm
2010-12-21,2010-12-27,15:30,America/New_York,verified_release,cftc_official_historical_release_verified,holiday-delayed release verified from official weekly page Updated footer,https://www.cftc.gov/sites/default/files/files/dea/cotarchives/2010/futures/ag_sf122110.htm
2010-12-28,2011-01-03,15:30,America/New_York,verified_release,cftc_official_historical_release_verified,holiday-delayed release verified from official weekly page Updated footer,https://www.cftc.gov/sites/default/files/files/dea/cotarchives/2010/futures/ag_sf122810.htm
2011-11-08,2011-11-14,15:30,America/New_York,verified_release,cftc_official_historical_release_verified,holiday-delayed release verified from official weekly page Updated footer,https://www.cftc.gov/sites/default/files/files/dea/cotarchives/2011/futures/ag_sf110811.htm
2011-11-22,2011-11-28,15:30,America/New_York,verified_release,cftc_official_historical_release_verified,holiday-delayed release verified from official weekly page Updated footer,https://www.cftc.gov/sites/default/files/files/dea/cotarchives/2011/futures/ag_sf112211.htm
2012-11-20,2012-11-26,15:30,America/New_York,verified_release,cftc_official_historical_release_verified,holiday-delayed release verified from official weekly page Updated footer,https://www.cftc.gov/sites/default/files/files/dea/cotarchives/2012/futures/ag_sf112012.htm
2012-11-27,2012-12-05,15:30,America/New_York,current_snapshot_correction,cftc_current_snapshot_correction_exact,current official snapshot reflects account-transfer classification correction published at stated time,https://www.cftc.gov/sites/default/files/files/dea/cotarchives/2012/futures/ag_sf112712.htm
2013-07-02,2013-07-08,15:30,America/New_York,verified_release,cftc_official_historical_release_verified,holiday-delayed release verified from official weekly page Updated footer,https://www.cftc.gov/sites/default/files/files/dea/cotarchives/2013/futures/ag_sf070213.htm
2013-10-01,2013-10-25,15:30,America/New_York,verified_release,cftc_official_shutdown_catch_up_verified,2013 federal shutdown catch-up release verified from official weekly page Updated footer,https://www.cftc.gov/sites/default/files/files/dea/cotarchives/2013/futures/ag_sf100113.htm
2013-10-08,2013-10-28,15:30,America/New_York,verified_release,cftc_official_shutdown_catch_up_verified,2013 federal shutdown catch-up release verified from official weekly page Updated footer,https://www.cftc.gov/sites/default/files/files/dea/cotarchives/2013/futures/ag_sf100813.htm
2013-10-15,2013-10-30,15:30,America/New_York,verified_release,cftc_official_shutdown_catch_up_verified,2013 federal shutdown catch-up release verified from official weekly page Updated footer,https://www.cftc.gov/sites/default/files/files/dea/cotarchives/2013/futures/ag_sf101513.htm
2013-10-22,2013-11-01,15:30,America/New_York,verified_release,cftc_official_shutdown_catch_up_verified,2013 federal shutdown catch-up release verified from official weekly page Updated footer,https://www.cftc.gov/sites/default/files/files/dea/cotarchives/2013/futures/ag_sf102213.htm
2013-10-29,2013-11-06,15:30,America/New_York,verified_release,cftc_official_shutdown_catch_up_verified,2013 federal shutdown catch-up release verified from official weekly page Updated footer,https://www.cftc.gov/sites/default/files/files/dea/cotarchives/2013/futures/ag_sf102913.htm
2013-11-26,2013-12-02,15:30,America/New_York,verified_release,cftc_official_historical_release_verified,holiday-delayed release verified from official weekly page Updated footer,https://www.cftc.gov/sites/default/files/files/dea/cotarchives/2013/futures/ag_sf112613.htm
2013-12-24,2013-12-30,15:30,America/New_York,verified_release,cftc_official_historical_release_verified,holiday-delayed release verified from official weekly page Updated footer,https://www.cftc.gov/sites/default/files/files/dea/cotarchives/2013/futures/ag_sf122413.htm
2013-12-31,2014-01-06,15:30,America/New_York,verified_release,cftc_official_historical_release_verified,holiday-delayed release verified from official weekly page Updated footer,https://www.cftc.gov/sites/default/files/files/dea/cotarchives/2014/futures/ag_sf123113.htm
2014-07-01,2014-07-04,15:30,America/New_York,verified_release,cftc_official_historical_release_verified,identical report was inadvertently published before its intended July 7 date,https://www.cftc.gov/sites/default/files/files/dea/cotarchives/2014/futures/ag_sf070114.htm
2014-11-25,2014-11-29,15:30,America/New_York,verified_release,cftc_official_historical_release_verified,official weekly page records an unusual Saturday Updated footer,https://www.cftc.gov/sites/default/files/files/dea/cotarchives/2014/futures/ag_sf112914.htm
2014-12-23,2014-12-30,15:30,America/New_York,verified_release,cftc_official_historical_release_verified,December 25-26 federal-holiday delay verified from official weekly page,https://www.cftc.gov/sites/default/files/files/dea/cotarchives/2014/futures/ag_sf122314.htm
2015-06-30,2015-07-06,15:30,America/New_York,verified_release,cftc_official_historical_release_verified,complete report followed a premature incomplete July 3 publication,https://www.cftc.gov/sites/default/files/files/dea/cotarchives/2015/futures/ag_sf063015.htm
2015-11-24,2015-11-30,15:30,America/New_York,verified_release,cftc_official_historical_release_verified,holiday-delayed release verified from official weekly page Updated footer,https://www.cftc.gov/sites/default/files/files/dea/cotarchives/2015/futures/ag_sf112415.htm
2018-12-04,2018-12-10,15:30,America/New_York,verified_release,cftc_official_historical_release_verified,National Day of Mourning delay verified from official weekly page Updated footer,https://www.cftc.gov/sites/default/files/files/dea/cotarchives/2018/futures/ag_sf120418.htm
2018-12-24,2019-02-01,15:30,America/New_York,verified_release,cftc_official_shutdown_catch_up_verified,2018-19 lapse-in-appropriations catch-up release,https://www.cftc.gov/sites/default/files/files/dea/cotarchives/2018/futures/ag_sf122418.htm
2018-12-31,2019-02-05,15:30,America/New_York,verified_release,cftc_official_shutdown_catch_up_verified,2018-19 lapse-in-appropriations catch-up release,https://www.cftc.gov/sites/default/files/files/dea/cotarchives/2018/futures/ag_sf123118.htm
2019-01-08,2019-02-08,15:30,America/New_York,verified_release,cftc_official_shutdown_catch_up_verified,2018-19 lapse-in-appropriations catch-up release,https://www.cftc.gov/sites/default/files/files/dea/cotarchives/2019/futures/ag_sf010819.htm
2019-01-15,2019-02-12,15:30,America/New_York,verified_release,cftc_official_shutdown_catch_up_verified,2018-19 lapse-in-appropriations catch-up release,https://www.cftc.gov/sites/default/files/files/dea/cotarchives/2019/futures/ag_sf011519.htm
2019-01-22,2019-02-15,15:30,America/New_York,verified_release,cftc_official_shutdown_catch_up_verified,2018-19 lapse-in-appropriations catch-up release,https://www.cftc.gov/sites/default/files/files/dea/cotarchives/2019/futures/ag_sf012219.htm
2019-01-29,2019-02-19,15:30,America/New_York,verified_release,cftc_official_shutdown_catch_up_verified,2018-19 lapse-in-appropriations catch-up release,https://www.cftc.gov/sites/default/files/files/dea/cotarchives/2019/futures/ag_sf012919.htm
2019-02-05,2019-02-22,15:30,America/New_York,verified_release,cftc_official_shutdown_catch_up_verified,2018-19 lapse-in-appropriations catch-up release,https://www.cftc.gov/sites/default/files/files/dea/cotarchives/2019/futures/ag_sf020519.htm
2019-02-12,2019-02-26,15:30,America/New_York,verified_release,cftc_official_shutdown_catch_up_verified,2018-19 lapse-in-appropriations catch-up release,https://www.cftc.gov/sites/default/files/files/dea/cotarchives/2019/futures/ag_sf021219.htm
2019-02-19,2019-03-01,15:30,America/New_York,verified_release,cftc_official_shutdown_catch_up_verified,2018-19 lapse-in-appropriations catch-up release,https://www.cftc.gov/sites/default/files/files/dea/cotarchives/2019/futures/ag_sf021919.htm
2019-02-26,2019-03-05,15:30,America/New_York,verified_release,cftc_official_shutdown_catch_up_verified,2018-19 lapse-in-appropriations catch-up release,https://www.cftc.gov/sites/default/files/files/dea/cotarchives/2019/futures/ag_sf022619.htm
2019-03-05,2019-03-08,15:30,America/New_York,verified_release,cftc_official_shutdown_catch_up_verified,first report back on the ordinary publication cadence after catch-up,https://www.cftc.gov/sites/default/files/files/dea/cotarchives/2019/futures/ag_sf030519.htm
2019-03-26,2019-04-03,23:59:59,America/New_York,current_snapshot_correction,cftc_current_snapshot_correction_conservative_eod,current official Sugar No. 11 snapshot includes positions added on announcement day; exact time unstated,https://www.cftc.gov/sites/default/files/files/dea/cotarchives/2019/futures/ag_sf032619.htm
2019-07-02,2019-07-08,15:30,America/New_York,verified_release,cftc_official_historical_release_verified,holiday-delayed release verified from official weekly page Updated footer,https://www.cftc.gov/sites/default/files/files/dea/cotarchives/2019/futures/ag_sf070219.htm
2019-11-26,2019-12-02,15:30,America/New_York,verified_release,cftc_official_historical_release_verified,holiday-delayed release verified from official weekly page Updated footer,https://www.cftc.gov/sites/default/files/files/dea/cotarchives/2019/futures/ag_sf112619.htm
2019-12-24,2019-12-30,15:30,America/New_York,verified_release,cftc_official_historical_release_verified,holiday-delayed release verified from alternate official archive page footer,https://www.cftc.gov/sites/default/files/files/dea/cotarchives/2019/futures/ag_sf123019.htm
2019-12-31,2020-01-06,15:30,America/New_York,verified_release,cftc_official_historical_release_verified,holiday-delayed release verified from official weekly page Updated footer,https://www.cftc.gov/sites/default/files/files/dea/cotarchives/2019/futures/ag_sf123119.htm
2020-06-30,2020-07-06,15:30,America/New_York,verified_release,cftc_official_historical_release_verified,holiday-delayed release verified from official weekly page Updated footer,https://www.cftc.gov/sites/default/files/files/dea/cotarchives/2020/futures/ag_sf063020.htm
2020-11-10,2020-11-16,15:30,America/New_York,verified_release,cftc_official_historical_release_verified,holiday-delayed release verified from official weekly page Updated footer,https://www.cftc.gov/sites/default/files/files/dea/cotarchives/2020/futures/ag_sf111020.htm
2020-11-24,2020-11-30,15:30,America/New_York,verified_release,cftc_official_historical_release_verified,holiday-delayed release verified from official weekly page Updated footer,https://www.cftc.gov/sites/default/files/files/dea/cotarchives/2020/futures/ag_sf112420.htm
2020-12-21,2020-12-28,15:30,America/New_York,verified_release,cftc_official_historical_release_verified,additional December 24 federal-holiday delay,https://www.cftc.gov/sites/default/files/files/dea/cotarchives/2020/futures/ag_sf122120.htm
2020-12-29,2021-01-04,15:30,America/New_York,verified_release,cftc_official_historical_release_verified,holiday-delayed release verified from official weekly page Updated footer,https://www.cftc.gov/sites/default/files/files/dea/cotarchives/2020/futures/ag_sf122920.htm
2021-06-15,2021-06-21,15:30,America/New_York,verified_release,cftc_official_historical_release_verified,Juneteenth federal-holiday delay,https://www.cftc.gov/sites/default/files/files/dea/cotarchives/2021/futures/ag_sf061521.htm
2021-11-09,2021-11-15,15:30,America/New_York,verified_release,cftc_official_historical_release_verified,holiday-delayed release verified from official weekly page Updated footer,https://www.cftc.gov/sites/default/files/files/dea/cotarchives/2021/futures/ag_sf110921.htm
2021-11-23,2021-11-29,15:30,America/New_York,verified_release,cftc_official_historical_release_verified,holiday-delayed release verified from official weekly page Updated footer,https://www.cftc.gov/sites/default/files/files/dea/cotarchives/2021/futures/ag_sf112321.htm
2021-12-21,2021-12-27,15:30,America/New_York,verified_release,cftc_official_historical_release_verified,holiday-delayed release verified from official weekly page Updated footer,https://www.cftc.gov/sites/default/files/files/dea/cotarchives/2021/futures/ag_sf122121.htm
2021-12-28,2022-01-03,15:30,America/New_York,verified_release,cftc_official_historical_release_verified,holiday-delayed release verified from official weekly page Updated footer,https://www.cftc.gov/sites/default/files/files/dea/cotarchives/2021/futures/ag_sf122821.htm
2022-11-08,2022-11-14,15:30,America/New_York,verified_release,cftc_official_historical_release_verified,holiday-delayed release verified from official weekly page Updated footer,https://www.cftc.gov/sites/default/files/files/dea/cotarchives/2022/futures/ag_sf110822.htm
2022-11-22,2022-11-28,15:30,America/New_York,verified_release,cftc_official_historical_release_verified,holiday-delayed release verified from official weekly page Updated footer,https://www.cftc.gov/sites/default/files/files/dea/cotarchives/2022/futures/ag_sf112222.htm
2023-01-31,2023-02-24,15:30,America/New_York,verified_release,cftc_official_ion_delayed_release_verified,ION cyber-incident delayed release,https://www.cftc.gov/sites/default/files/files/dea/cotarchives/2023/futures/ag_sf013123.htm
2023-02-07,2023-03-03,15:30,America/New_York,verified_release,cftc_official_ion_delayed_release_verified,ION cyber-incident delayed release,https://www.cftc.gov/sites/default/files/files/dea/cotarchives/2023/futures/ag_sf020723.htm
2023-02-14,2023-03-08,15:30,America/New_York,verified_release,cftc_official_ion_delayed_release_verified,ION cyber-incident delayed release,https://www.cftc.gov/sites/default/files/files/dea/cotarchives/2023/futures/ag_sf021423.htm
2023-02-21,2023-03-10,15:30,America/New_York,verified_release,cftc_official_ion_delayed_release_verified,ION cyber-incident delayed release,https://www.cftc.gov/sites/default/files/files/dea/cotarchives/2023/futures/ag_sf022123.htm
2023-02-28,2023-03-14,15:30,America/New_York,verified_release,cftc_official_ion_delayed_release_verified,ION cyber-incident delayed release,https://www.cftc.gov/sites/default/files/files/dea/cotarchives/2023/futures/ag_sf022823.htm
2023-03-07,2023-03-16,15:30,America/New_York,verified_release,cftc_official_ion_delayed_release_verified,ION cyber-incident delayed release,https://www.cftc.gov/sites/default/files/files/dea/cotarchives/2023/futures/ag_sf030723.htm
2023-03-14,2023-03-21,15:30,America/New_York,verified_release,cftc_official_ion_delayed_release_verified,ION cyber-incident delayed release,https://www.cftc.gov/sites/default/files/files/dea/cotarchives/2023/futures/ag_sf031423.htm
2023-11-07,2023-11-13,15:30,America/New_York,verified_release,cftc_official_historical_release_verified,holiday-delayed release verified from official weekly page Updated footer,https://www.cftc.gov/sites/default/files/files/dea/cotarchives/2023/futures/ag_sf110723.htm
2023-11-21,2023-11-27,15:30,America/New_York,verified_release,cftc_official_historical_release_verified,holiday-delayed release verified from official weekly page Updated footer,https://www.cftc.gov/sites/default/files/files/dea/cotarchives/2023/futures/ag_sf112123.htm
2024-06-18,2024-06-24,15:30,America/New_York,verified_release,cftc_official_historical_release_verified,holiday-delayed release verified from official weekly page Updated footer,https://www.cftc.gov/sites/default/files/files/dea/cotarchives/2024/futures/ag_sf061824.htm
2024-07-02,2024-07-08,15:30,America/New_York,verified_release,cftc_official_historical_release_verified,holiday-delayed release verified from official weekly page Updated footer,https://www.cftc.gov/sites/default/files/files/dea/cotarchives/2024/futures/ag_sf070224.htm
2024-11-26,2024-12-02,15:30,America/New_York,verified_release,cftc_official_historical_release_verified,holiday-delayed release verified from official weekly page Updated footer,https://www.cftc.gov/sites/default/files/files/dea/cotarchives/2024/futures/ag_sf112624.htm
2024-12-24,2024-12-30,15:30,America/New_York,verified_release,cftc_official_historical_release_verified,holiday-delayed release verified from official weekly page Updated footer,https://www.cftc.gov/sites/default/files/files/dea/cotarchives/2024/futures/ag_sf122424.htm
2024-12-31,2025-01-06,15:30,America/New_York,verified_release,cftc_official_historical_release_verified,holiday-delayed release verified from official weekly page Updated footer,https://www.cftc.gov/sites/default/files/files/dea/cotarchives/2024/futures/ag_sf123124.htm
2025-07-01,2025-07-07,15:30,America/New_York,verified_release,cftc_official_historical_release_verified,holiday-delayed release verified from official weekly page Updated footer,https://www.cftc.gov/sites/default/files/files/dea/cotarchives/2025/futures/ag_sf070125.htm
