source_id,source_type,provider,source_url,landing_page_url,public_path,source_effective_at_utc,available_at_utc,available_at_basis,retrieved_at_utc,source_version,is_corrected_repost,upstream_byte_count,upstream_sha256,public_byte_count,public_sha256,extract_method,rights_note,notes
cftc_cot_release_schedule_2026_08,cftc_release_calendar,U.S. Commodity Futures Trading Commission,https://www.cftc.gov/MarketReports/CommitmentsofTraders/ReleaseSchedule/index.htm,https://www.cftc.gov/MarketReports/CommitmentsofTraders/ReleaseSchedule/index.htm,data/raw/cftc/cftc-cot-release-schedule-through-2026-08-14.csv,,,official CFTC schedule/announcement factual extract,2026-08-20T11:22:31Z,retrieved-2026-08-20,false,48667,9bad1242474855b890e35414d15ffdffe3c10e67fd1244b3cdee8cd615544f22,4474,bb47adbaa7ddf50e8a12898b2adfe2b748bec41fc4024a96d536fb43a75e6bbb,retained official factual calendar extract,U.S. federal government work; public domain,2026 schedule through the report dated 2026-08-11
cftc_cot_special_announcements_2026_08,cftc_release_calendar,U.S. Commodity Futures Trading Commission,https://www.cftc.gov/MarketReports/CommitmentsofTraders/HistoricalSpecialAnnouncements/index.htm,https://www.cftc.gov/MarketReports/CommitmentsofTraders/HistoricalSpecialAnnouncements/index.htm,data/raw/cftc/cftc-cot-special-release-facts-2025-2026.csv,,,official CFTC schedule/announcement factual extract,2026-08-20T11:22:31Z,retrieved-2026-08-20,false,125751,e168a42ae1143c9381ae78452cc872541d97e6f986396d1ed10344ba1abcb77a,2703,290961ab70b988c11d6d85cb006272d2e5b8afa6e5d9e62dcca6915322c85361,retained official factual calendar extract,U.S. federal government work; public domain,2025 special delay and lapse-in-appropriations catch-up dates
cftc_sugar_no11_selected_history_e1eadfec2053,cftc_selected_history,U.S. Commodity Futures Trading Commission,https://publicreporting.cftc.gov/resource/72hh-3qpy.json?%24select=report_date_as_yyyy_mm_dd%2Ccftc_contract_market_code%2Cmarket_and_exchange_names%2Copen_interest_all%2Cm_money_positions_long_all%2Cm_money_positions_short_all%2Cm_money_positions_spread%2Ccontract_units%2Cfutonly_or_combined&%24where=cftc_contract_market_code%3D%27080732%27+AND+report_date_as_yyyy_mm_dd%3E%3D%272009-09-01T00%3A00%3A00.000%27+AND+report_date_as_yyyy_mm_dd%3C%3D%272026-08-11T00%3A00%3A00.000%27&%24order=report_date_as_yyyy_mm_dd&%24limit=5000,https://www.cftc.gov/MarketReports/CommitmentsofTraders/HistoricalCompressed/index.htm,data/raw/cftc/sugar-no11-selected-history-e1eadfec2053.csv,,,row-level release eligibility is computed from official exceptions or the stated ordinary rule,2026-08-20T15:50:03Z,current-history-snapshot,false,334323,009420d084887f77eb399de15bd481b43335fd6d2d9c4703ee82ca882bb3dd4c,103551,e1eadfec20535920e28d87b1a02245d9241765f4ae199f31c25d130fdaf7d93a,scripts/acquire.py::_cftc_extract,U.S. federal government work; public domain,Selected futures-only facts from live-classification-era history beginning 2009-09-01. Current official history is not a full value-vintage archive.
usda_wasde_660_v1_3a6282552187,usda_wasde_sugar_snapshot,U.S. Department of Agriculture,https://www.usda.gov/sites/default/files/documents/oce-wasde-report-data-2025-05.csv,https://www.usda.gov/historical-wasde-report-data-3,data/raw/usda/oce-wasde-report-data-2025-05-sugar-3a6282552187.csv,2025-05-12T16:00:00Z,2025-05-14T03:59:59Z,conservative end of next calendar day in America/New_York; USDA says consolidated CSV updates the day after WASDE,2026-08-20T15:50:03Z,WASDE-660-V1,false,957445,4c08fdf3657a854d2100bb7dfead186fb1ea26be208e137c52619707cc060987,15707,3a6282552187f6e7feadf0f921d199231a8570be519e38220c405848be29619e,scripts/acquire.py::_usda_extract,U.S. federal government work; public domain,May 2025; selected U.S. and Mexico annual sugar rows. Individual WASDE publications remain the official record.
usda_wasde_661_v1_141438d7c714,usda_wasde_sugar_snapshot,U.S. Department of Agriculture,https://www.usda.gov/sites/default/files/documents/oce-wasde-report-data-2025-06.csv,https://www.usda.gov/historical-wasde-report-data-3,data/raw/usda/oce-wasde-report-data-2025-06-sugar-141438d7c714.csv,2025-06-12T16:00:00Z,2025-06-14T03:59:59Z,conservative end of next calendar day in America/New_York; USDA says consolidated CSV updates the day after WASDE,2026-08-20T15:50:03Z,WASDE-661-V1,false,963058,e0bed22b0b08eaa361e16649918952a5b13b388a300c9fc528636ebda7e86924,15785,141438d7c714fd7c86d7e438b3ded925c1d6cf4a14c1ba9f725ef1c7dc95a1ea,scripts/acquire.py::_usda_extract,U.S. federal government work; public domain,June 2025; selected U.S. and Mexico annual sugar rows. Individual WASDE publications remain the official record.
usda_wasde_662_v1_18549967f949,usda_wasde_sugar_snapshot,U.S. Department of Agriculture,https://www.usda.gov/sites/default/files/documents/oce-wasde-report-data-2025-07.csv,https://www.usda.gov/historical-wasde-report-data-3,data/raw/usda/oce-wasde-report-data-2025-07-sugar-18549967f949.csv,2025-07-11T16:00:00Z,2025-07-13T03:59:59Z,conservative end of next calendar day in America/New_York; USDA says consolidated CSV updates the day after WASDE,2026-08-20T15:50:03Z,WASDE-662-V1,false,976568,af215ba7ca48302779756b07a65e29473f86437d6cda9fbe16f1bcd66f83708c,15785,18549967f94987ffc0eb96fed9a868338d40bd23f42f45d663fdc1793ca5d183,scripts/acquire.py::_usda_extract,U.S. federal government work; public domain,July 2025; selected U.S. and Mexico annual sugar rows. Individual WASDE publications remain the official record.
usda_wasde_663_v1_259c387d6910,usda_wasde_sugar_snapshot,U.S. Department of Agriculture,https://www.usda.gov/sites/default/files/documents/oce-wasde-report-data-2025-08.csv,https://www.usda.gov/historical-wasde-report-data-3,data/raw/usda/oce-wasde-report-data-2025-08-sugar-259c387d6910.csv,2025-08-12T16:00:00Z,2025-08-14T03:59:59Z,conservative end of next calendar day in America/New_York; USDA says consolidated CSV updates the day after WASDE,2026-08-20T15:50:03Z,WASDE-663-V1,false,987928,c3124dcf818a156da19ce03af365c18e0d0eaa3348a03f6188a5d8fdd3da7d8f,15941,259c387d691094debb7919dae46865594496930ed2a035956f75085173621378,scripts/acquire.py::_usda_extract,U.S. federal government work; public domain,August 2025; selected U.S. and Mexico annual sugar rows. Individual WASDE publications remain the official record.
usda_wasde_664_v1_d30b256bdffe,usda_wasde_sugar_snapshot,U.S. Department of Agriculture,https://www.usda.gov/sites/default/files/documents/oce-wasde-report-data-2025-09.csv,https://www.usda.gov/historical-wasde-report-data-3,data/raw/usda/oce-wasde-report-data-2025-09-sugar-d30b256bdffe.csv,2025-09-12T16:00:00Z,2025-09-14T03:59:59Z,conservative end of next calendar day in America/New_York; USDA says consolidated CSV updates the day after WASDE,2026-08-20T15:50:03Z,WASDE-664-V1,false,1004960,2e5dfdb0d31f1619ceeba99122369514497c6bfa63522900b89e7af2ae675649,16175,d30b256bdffe4a14f4599abf8511f8f18c9fcb21c9ea39d869051a9634603349,scripts/acquire.py::_usda_extract,U.S. federal government work; public domain,September 2025; selected U.S. and Mexico annual sugar rows. Individual WASDE publications remain the official record.
usda_wasde_665_v1_0d3d5151fa32,usda_wasde_sugar_snapshot,U.S. Department of Agriculture,https://www.usda.gov/sites/default/files/documents/oce-wasde-report-data-2025-11.csv,https://www.usda.gov/historical-wasde-report-data-3,data/raw/usda/oce-wasde-report-data-2025-11-sugar-0d3d5151fa32.csv,2025-11-14T17:00:00Z,2025-11-16T04:59:59Z,conservative end of next calendar day in America/New_York; USDA says consolidated CSV updates the day after WASDE,2026-08-20T15:50:03Z,WASDE-665-V1,false,1004315,896385bbf592ec74e9b9b581bc5969597f719b5dbf84d59905cc6cc1c5587156,16180,0d3d5151fa3295b33be84f04941ab287edf7030270136e1a6a2275110379e668,scripts/acquire.py::_usda_extract,U.S. federal government work; public domain,November 2025; selected U.S. and Mexico annual sugar rows. Individual WASDE publications remain the official record.
usda_wasde_666_v1_11bae8cc07de,usda_wasde_sugar_snapshot,U.S. Department of Agriculture,https://www.usda.gov/sites/default/files/documents/oce-wasde-report-data-2025-12.csv,https://www.usda.gov/historical-wasde-report-data-3,data/raw/usda/oce-wasde-report-data-2025-12-sugar-11bae8cc07de.csv,2025-12-09T17:00:00Z,2025-12-11T04:59:59Z,conservative end of next calendar day in America/New_York; USDA says consolidated CSV updates the day after WASDE,2026-08-20T15:50:03Z,WASDE-666-V1,false,1004318,cfad35ab09e17453509606dfa224ebf18af26536220397180c610000160d0188,16181,11bae8cc07de3efb16e2c179dcdfb8da6ddb21121715bd7f60df3a49dbb9f7d2,scripts/acquire.py::_usda_extract,U.S. federal government work; public domain,December 2025; selected U.S. and Mexico annual sugar rows. Individual WASDE publications remain the official record.
usda_wasde_667_v1_3549f0f9c281,usda_wasde_sugar_snapshot,U.S. Department of Agriculture,https://www.usda.gov/sites/default/files/documents/oce-wasde-report-data-2026-01.csv,https://www.usda.gov/historical-wasde-report-data-3,data/raw/usda/oce-wasde-report-data-2026-01-sugar-3549f0f9c281.csv,2026-01-12T17:00:00Z,2026-01-14T04:59:59Z,conservative end of next calendar day in America/New_York; USDA says consolidated CSV updates the day after WASDE,2026-08-20T15:50:03Z,WASDE-667-V1,false,993460,8dce8b1f4cbbe6e98bd320b9ad03a279ee30194b11481de11fb7c78d2791981a,16022,3549f0f9c2815ddc252ab82a5d6ea8dbb9fee4854e658986247cf853861d3b8a,scripts/acquire.py::_usda_extract,U.S. federal government work; public domain,January 2026; selected U.S. and Mexico annual sugar rows. Individual WASDE publications remain the official record.
usda_wasde_668_v1_263a6955bf60,usda_wasde_sugar_snapshot,U.S. Department of Agriculture,https://www.usda.gov/sites/default/files/documents/oce-wasde-report-data-2026-02.csv,https://www.usda.gov/historical-wasde-report-data-3,data/raw/usda/oce-wasde-report-data-2026-02-sugar-263a6955bf60.csv,2026-02-10T17:00:00Z,2026-02-12T04:59:59Z,conservative end of next calendar day in America/New_York; USDA says consolidated CSV updates the day after WASDE,2026-08-20T15:50:03Z,WASDE-668-V1,false,999122,aca52f3e755c678a7c584b84bd3bd806b7771247bb90e0c67dd675d570714d5e,16099,263a6955bf6014b345f24fbf640399d494e1cdfdac5742da335fd7e54721390a,scripts/acquire.py::_usda_extract,U.S. federal government work; public domain,February 2026; selected U.S. and Mexico annual sugar rows. Individual WASDE publications remain the official record.
usda_wasde_669_v1_ca03470e35d2,usda_wasde_sugar_snapshot,U.S. Department of Agriculture,https://www.usda.gov/sites/default/files/documents/oce-wasde-report-data-2026-03.csv,https://www.usda.gov/historical-wasde-report-data-3,data/raw/usda/oce-wasde-report-data-2026-03-sugar-ca03470e35d2.csv,2026-03-10T16:00:00Z,2026-03-12T03:59:59Z,conservative end of next calendar day in America/New_York; USDA says consolidated CSV updates the day after WASDE,2026-08-20T15:50:03Z,WASDE-669-V1,false,982061,b2fbd43ecb19874489026a5adad3754105a090db5f73d442561e32d8bfe320eb,15865,ca03470e35d267fb20180c63515a84e90d2cf7ef2851edd02ef1c13b9ee5d83f,scripts/acquire.py::_usda_extract,U.S. federal government work; public domain,March 2026; selected U.S. and Mexico annual sugar rows. Individual WASDE publications remain the official record.
usda_wasde_670_v1_edd6819d2509,usda_wasde_sugar_snapshot,U.S. Department of Agriculture,https://www.usda.gov/sites/default/files/documents/oce-wasde-report-data-2026-04.csv,https://www.usda.gov/historical-wasde-report-data-3,data/raw/usda/oce-wasde-report-data-2026-04-sugar-edd6819d2509.csv,2026-04-09T16:00:00Z,2026-04-11T03:59:59Z,conservative end of next calendar day in America/New_York; USDA says consolidated CSV updates the day after WASDE,2026-08-20T15:50:03Z,WASDE-670-V1,false,982032,e544c0008457894ce4895078afc62874c423c945837cb968d61536231c9b2574,15865,edd6819d250906b5ae2e251247b3fe35a8e5c52e6e1c93b597d51d114f63fdb4,scripts/acquire.py::_usda_extract,U.S. federal government work; public domain,April 2026; selected U.S. and Mexico annual sugar rows. Individual WASDE publications remain the official record.
usda_wasde_671_v2_de983bfa4a5f,usda_wasde_sugar_snapshot,U.S. Department of Agriculture,https://www.usda.gov/sites/default/files/documents/oce-wasde-report-data-2026-05-V2.csv,https://www.usda.gov/historical-wasde-report-data-3,data/raw/usda/oce-wasde-report-data-2026-05-V2-sugar-de983bfa4a5f.csv,2026-05-12T16:00:00Z,2026-05-14T03:59:59Z,conservative end of corrected V2 embedded release date in America/New_York; exact repost time unavailable,2026-08-20T15:50:03Z,WASDE-671-V2,true,957471,95bb5b04c02c174442c399c3be5785b181bc6e9606f0cbd44cd59e45d9422973,15703,de983bfa4a5f8103a06ca6119e706cff3e018a9e02f2ab57aed42cc9bcc263c6,scripts/acquire.py::_usda_extract,U.S. federal government work; public domain,May 2026; selected U.S. and Mexico annual sugar rows. Individual WASDE publications remain the official record. V2 was a wheat correction; retained because the linked structured artifact is V2.
usda_wasde_672_v2_d14f9e19550c,usda_wasde_sugar_snapshot,U.S. Department of Agriculture,https://www.usda.gov/sites/default/files/documents/oce-wasde-report-data-2026-06-V2.csv,https://www.usda.gov/historical-wasde-report-data-3,data/raw/usda/oce-wasde-report-data-2026-06-V2-sugar-d14f9e19550c.csv,2026-06-11T16:00:00Z,2026-06-13T03:59:59Z,conservative end of day after original release in America/New_York; June sugar V2 exact repost time unavailable,2026-08-20T15:50:03Z,WASDE-672-V2,true,963095,4dc308e0aefe4582e39a28f276f4ba3bafcbf4c343342f7ada3ed18feeab51f4,15782,d14f9e19550cced4ac800bad908bac913f3bed8ea5135305a9e519ff1d45f7c0,scripts/acquire.py::_usda_extract,U.S. federal government work; public domain,June 2026; selected U.S. and Mexico annual sugar rows. Individual WASDE publications remain the official record. V2 corrected sugar deliveries; it is never backdated to the original report instant.
usda_wasde_673_v1_67d5cd456b4f,usda_wasde_sugar_snapshot,U.S. Department of Agriculture,https://www.usda.gov/sites/default/files/documents/oce-wasde-report-data-2026-07.csv,https://www.usda.gov/historical-wasde-report-data-3,data/raw/usda/oce-wasde-report-data-2026-07-sugar-67d5cd456b4f.csv,2026-07-10T16:00:00Z,2026-07-12T03:59:59Z,conservative end of next calendar day in America/New_York; USDA says consolidated CSV updates the day after WASDE,2026-08-20T15:50:03Z,WASDE-673-V1,false,976608,468a6b27a832c05054a73a4ac0fe68e6278f1e89bf25f9327c806b95bf54c4b8,15783,67d5cd456b4f6abc3c9a45c64e885869e7a1faacf7c83dd73ed0937fff7f87cf,scripts/acquire.py::_usda_extract,U.S. federal government work; public domain,July 2026; selected U.S. and Mexico annual sugar rows. Individual WASDE publications remain the official record.
usda_wasde_674_v1_d0747313a577,usda_wasde_sugar_snapshot,U.S. Department of Agriculture,https://www.usda.gov/sites/default/files/documents/oce-wasde-report-data-2026-08.csv,https://www.usda.gov/historical-wasde-report-data-3,data/raw/usda/oce-wasde-report-data-2026-08-sugar-d0747313a577.csv,2026-08-12T16:00:00Z,2026-08-14T03:59:59Z,conservative end of next calendar day in America/New_York; USDA says consolidated CSV updates the day after WASDE,2026-08-20T15:50:03Z,WASDE-674-V1,false,987981,7611d70293fdfe403b53cb42a9fd16fbbc760584e52843917aca4b05750584d9,15938,d0747313a577a87e14c7a0967eda842fe5e05a38dbe9a2ff87794152d495e170,scripts/acquire.py::_usda_extract,U.S. federal government work; public domain,August 2026; selected U.S. and Mexico annual sugar rows. Individual WASDE publications remain the official record.
cftc_cot_weekly_page_timing_overrides_2009_2025,cftc_release_calendar,U.S. Commodity Futures Trading Commission,https://www.cftc.gov/MarketReports/CommitmentsofTraders/index.htm,https://www.cftc.gov/MarketReports/CommitmentsofTraders/index.htm,data/raw/cftc/cftc-cot-weekly-page-timing-overrides-2009-2025.csv,,,official weekly-page Updated-footer factual extract,2026-08-20T16:28:01Z,verified-2026-08-20,false,,,18022,d81938b9339be8c1a48600e770ad08963b0abd84f235d79a7abf79538e732a54,68 official weekly Agriculture pages checked for final Updated footer; compact factual ledger retained; volatile page bodies not vendored,U.S. federal government work; public domain,Exact row URLs are retained in the public extract; remaining historical dates are not implied to be verified.
cftc_cot_special_timing_supplement_2009_2017,cftc_release_calendar,U.S. Commodity Futures Trading Commission,https://www.cftc.gov/MarketReports/CommitmentsofTraders/HistoricalSpecialAnnouncements/index.htm,https://www.cftc.gov/MarketReports/CommitmentsofTraders/HistoricalSpecialAnnouncements/index.htm,data/raw/cftc/cftc-cot-special-timing-supplement-2009-2017.csv,,,official historical-special-announcement factual extract,2026-08-20T11:22:31Z,retrieved-2026-08-20,false,125751,e168a42ae1143c9381ae78452cc872541d97e6f986396d1ed10344ba1abcb77a,800,f9934401b3f898ed7cce306216339dd5052a4351ea6bff84ce402d667ec6ed5c,retained official historical-special-announcement factual extract,U.S. federal government work; public domain,Original 2009 holiday availability and conservative 2017 Sugar current-snapshot correction boundary.
cftc_cot_emitted_event_release_verification,cftc_release_verification,U.S. Commodity Futures Trading Commission,https://www.cftc.gov/MarketReports/CommitmentsofTraders/index.htm,https://www.cftc.gov/MarketReports/CommitmentsofTraders/index.htm,data/raw/cftc/cftc-cot-emitted-event-release-verification.csv,,,official event-page footer verification plus standing 15:30 ET policy,2026-08-20T16:17:21Z,verified-2026-08-20,false,,,6761,2c868772a3a21e41303272b307edd1cbacc7053a04f7d2b1290ee52dcfba4444,21 official weekly page responses checked individually; compact ledger retains audit-time page hashes and bytes; volatile page bodies not vendored,U.S. federal government work; public domain,All 21 emitted event availability dates are independently verified; this does not make non-event modelled history strict point-in-time.
